{
	"id": "0",
	"type": "hunt",
	"displayName": "Test - Treasure Hunt",
	"clues": [
		{
			"id": "test1",
			"type": "clue",
			"shufflegroup": 0,
			"displayName": "Let's Play!",
			"displayText": "Scan the two tags you find next to it.",
			"displayImage": "app0.jpg",
			"tags": [
				{
					"id": "gdg0"
				},
				{
					"id": "gdg1"
				}
			],
			"question": {
				"question": "What's the correct answer1?",
				"answers": [
					"Correct",
					"Wrong1",
					"Wrong2"
				],
				"correctAnswer": 0,
				"wrongMessage": "No!\n",
				"rightMessage": "That's right!"
			}
		},
		{
			"id": "test2",
			"type": "clue",
			"shufflegroup": 1,
			"displayName": "Where is this room?",
			"displayText": "Find this room, and then scan the two tags you find next to it.",
			"displayImage": "app1.jpg",
			"tags": [
				{
					"id": "gdg2"
				},
				{
					"id": "gdg3"
				}
			],
			"question": {
				"question": "What's the correct answer2?",
				"answers": [
					"Wrong1",
					"Correct",
					"Wrong2"
				],
				"correctAnswer": 1,
				"wrongMessage": "No!\n",
				"rightMessage": "That's right!"
			}
		},
		{
			"id": "test3",
			"type": "clue",
			"shufflegroup": 1,
			"displayName": "Where is it?",
			"displayText": "Reach this objects, and then scan the two tags you find next to it.",
			"displayImage": "app2.jpg",
			"tags": [
				{
					"id": "gdg4"
				},
				{
					"id": "gdg5"
				}
			],
			"question": {
				"question": "What's the correct answer3?",
				"answers": [
					"Wrong1",
					"Correct",
					"Wrong2"
				],
				"correctAnswer": 1,
				"wrongMessage": "No!\n",
				"rightMessage": "That's right!"
			}
		},
		{
			"id": "test4",
			"type": "clue",
			"shufflegroup": 1,
			"displayName": "Do you need a pen?",
			"displayText": "Look for this and then scan the two tags you find next to it.",
			"displayImage": "app3.jpg",
			"tags": [
				{
					"id": "gdg6"
				},
				{
					"id": "gdg7"
				}
			],
			"question": {
				"question": "What's the correct answer4?",
				"answers": [
					"Wrong1",
					"Wrong",
					"Correct"
				],
				"correctAnswer": 2,
				"wrongMessage": "No!\n",
				"rightMessage": "That's right!"
			}
		},
		{
			"id": "test5",
			"type": "clue",
			"shufflegroup": 1,
			"displayName": "For your security!!!",
			"displayText": "Reach this, and then scan the two tags you find next to it.",
			"displayImage": "app4.jpg",
			"tags": [
				{
					"id": "gdg8"
				},
				{
					"id": "gdg9"
				}
			],
			"question": {
				"question": "What's the correct answer5?",
				"answers": [
					"Correct",
					"Wrong1",
					"Wrong2"
				],
				"correctAnswer": 0,
				"wrongMessage": "No!\n",
				"rightMessage": "That's right!"
			}
		},
		{
			"id": "test5",
			"type": "clue",
			"shufflegroup": 3,
			"displayName": "Time to come back",
			"displayText": "Come back and scan the final tag!",
			"displayImage": "app5.jpg",
			"tags": [
				{
					"id": "gdg10"
				}
			]
		}
	]
}